number,name
0001,Cherry Hill Mall
0002,Willowbrook (NJ)
0004,Menlo Park Mall
0005,Plymouth Meeting Mall
0006,Mall St. Matthews
0009,South Hills Village
0011,Deptford Mall
0013,Capital City Mall
0016,The Mall in Columbia
0018,Perimeter Mall
0022,Berkshire Mall
0024,Westfield Garden State Plaza
0027,Concord Mall
0034,Moorestown Mall
0035,The Mall at Short Hills
0036,Oxmoor Center
0040,Kings Plaza Shopping Center
0043,The Mall at Greece Ridge
0045,Quinte Mall
0051,Eastview Mall
0052,Orange Park Mall
0055,Lehigh Valley Mall
0056,King of Prussia Plaza
0058,Central Mall Fort Smith
0060,Oxford Valley Mall
0061,Lenox Square
0062,Green Acres Mall
0064,Staten Island Mall
0070,Broadway Plaza
0077,Paramus Park
0078,Cumberland Mall (GA)
0089,Viewmont Mall
0090,Quaker Bridge Mall
0092,Springfield Mall
0096,Cordova Mall
0099,Fairlane Town Center
0106,Westfield Galleria at Roseville
0107,Southlake Mall
0110,Brazos Mall
0116,SouthPark Mall (NC)
0117,Great Mall
0119,Riverchase Galleria
0123,Valley Mall (MD)
0140,Sooner Mall
0142,Penn Square Mall
0143,Briarwood Mall
0146,Uniontown Mall
0150,Queens Center
0152,Nittany Mall
0161,Glenbrook Square
0166,Dadeland Mall
0167,Ontario Mills
0171,Altamonte Mall
0172,Town Center at Aurora
0175,Woodfield Mall
0176,Richmond Mall
0180,Westland Mall
0181,Greenville Mall
0183,Eastdale Mall
0189,Connecticut Post
0190,Cumberland Mall
0194,Green Tree Mall
0196,Hulen Mall
0197,Rockaway Townsquare
0198,Fashion District Philadelphia
0199,Mall at Prince George's
0201,Kenwood Towne Centre
0204,WestGate Mall
0212,Westfield Culver City
0214,Coastland Center
0215,Trumbull
0221,Westgate Mall (TX)
0224,Augusta Mall
0225,Tyrone Square
0228,Sunvalley Shopping Center
0230,Hickory Point Mall
0232,Crossroads Center
0233,Christiana Mall
0241,Francis Scott Key Mall
0246,Fort Henry Mall
0247,Westwood Mall
0249,Lansing Mall
0252,Southwest Plaza
0254,The Shops at Santa Anita
0265,Governors Square
0266,Valencia Town Center
0272,Monroe Crossing Mall
0273,Florence Mall
0274,Miller Hill Mall
0275,Opry Mills
0278,Vintage Faire Mall
0279,Plaza Carolina
0282,Acadiana Mall
0283,The Gallery At South DeKalb
0286,Meadowood Mall
0287,Baybrook Mall
0290,Fashion Island
0294,Alderwood Mall
0295,The Shops at Mission Viejo
0297,University Park Mall
0298,Carolina Mall
0299,Independence Mall
0300,Susquehanna Valley Mall
0302,Dulles Town Center
0307,The Mall at Johnson City
0308,Southern Park Mall
0310,Marley Station Mall
0312,Hamilton Mall
0316,College Square
0318,Mall at Wellington Green
0323,Eastgate Mall
0329,The Galleria
0330,Valley Hills Mall
0333,Fair Oaks Mall
0334,Victoria Mall
0336,Gulf View Square
0337,Westfarms
0343,Burlington Mall
0346,Stoneridge Shopping Center
0350,Halifax Shopping Centre
0352,Stanford Shopping Center
0353,Town East Mall
0359,Santa Monica Place
0362,The Galleria at Fort Lauderdale
0363,Dalton Mall
0366,Grapevine Mills
0368,Burlington Centre
0369,Peachtree Mall
0372,Westfield UTC
0376,Town Center at Boca Raton
0379,Mesilla Valley Mall
0382,Edison Mall
0385,Westfield Topanga
0386,Woodland Mall
0388,Tysons Corner Center
0390,Town Mall of Westminster
0392,Palisades Center
0396,Lynnhaven Mall
0398,Westfield Wheaton Plaza
0400,White Marsh Mall
0401,Willowbrook Mall (TX)
0405,King of Prussia Court
0412,Greenbrier Mall
0414,The Citadel Mall
0416,Asheville Mall
0421,Magnolia Mall
0422,Twelve Oaks Mall
0424,Natick Mall - Elevator Express
0425,Independence Center
0427,Asheboro Mall
0428,South Shore Plaza
0435,Beaver Valley
0439,Lindale Mall
0450,Ocean County Mall
0460,Roosevelt Field
0463,Cataraqui Centre
0473,Fashion Place
0476,Burnsville Center
0484,Willow Grove Park
0485,Oakwood Center
0487,Tucson Mall
0490,Irving Mall
0491,North East Mall
0492,Coral Square
0493,Galleria at Crystal Run
0497,South Shore
0500,Foothills Mall
0505,Northwoods Mall (IL)
0507,Maplewood Mall
0510,Northridge Mall
0512,Pueblo Mall
0514,Northridge Fashion Center
0516,McCain Mall
0519,Westfield Valley Fair
0524,Pacific View
0526,The Mall at Tuttle Crossing
0529,Tippecanoe Mall
0534,Holyoke Mall at Ingleside
0535,Jefferson Valley Mall
0542,Prince Kuhio Plaza
0544,Fashion Show
0549,Valley Plaza Mall
0561,Sugarloaf Mills
0563,Dolphin Mall
0568,The Village at Corte Madera
0572,West Town Mall
0576,Devonshire Mall
0583,Beachwood Place
0587,Jacksonville Mall
0588,Broadway Square
0591,Pheasant Lane Mall
0593,Danville Mall
0595,Wenatchee Valley Mall
0600,MainPlace
0601,Oshawa Centre
0603,The Maine Mall
0608,Washington Square (OR)
0610,Lakeline Mall
0611,Park Meadows
0612,Solano
0613,Westfield Oakridge
0617,Destiny USA
0622,Visalia Mall
0623,Animas Valley
0624,Crabtree
0629,Pecanland Mall
0630,Crossroads Mall (WV)
0631,Oakville Place
0633,Haywood Mall
0635,International Plaza
0641,Katy Mills
0658,South Park Mall
0668,Mondawmin Mall
0673,Foothills
0676,Apple Blossom Mall
0677,Mall of New Hampshire
0679,The Mall of Victor Valley
0681,Country Club Mall
0683,Deerbrook Mall
0686,Charleston Town Center
0688,Lime Ridge
0690,Palmer Park Mall
0691,Danbury Fair Mall
0698,Barton Creek Square
0702,Salmon Run Mall
0704,Sangertown Square
0706,Del Monte Shopping Center
0709,Fashion Valley
0710,Valley River Center
0711,Potomac Mills
0726,Westland Shopping Center
0729,Marketfair
0733,Georgian Mall
0737,Promenade Shopping Centre
0740,Lansdowne Place
0748,Newport Centre
0755,Newgate Mall
0756,Springfield Town Center
0759,Westroads Mall
0760,Merritt Square Mall
0761,Plaza Bonita
0767,Coral Ridge Mall
0769,Sunridge
0771,River Valley Mall
0772,New Towne Mall
0775,The Gardens
0776,Dufferin Mall
0780,Southgate Centre
0785,Alton Square Mall
0786,Annapolis Mall
0787,Ballston Quarter
0790,Dartmouth Mall
0792,Meriden
0794,Mission Valley
0795,Westfield Montgomery
0796,North County
0797,Arundel Mills
0799,The Shoppes at Carlsbad
0803,Vancouver
0812,Rolling Oaks Mall
0815,Auburn Mall
0832,Freehold Raceway Mall
0834,Coronado Center
0835,Oglethorpe Mall
0840,Ross Park Mall
0842,Inland Center
0844,Great Lakes Crossing Outlets
0845,Place d'Orleans
0846,Regent Mall
0847,Walden Galleria
0849,Fashion Centre at Pentagon City
0851,Towson Town Center
0855,WestShore Plaza
0856,Kingston Collection
0858,Wiregrass Commons
0865,Stonestown Galleria
0869,Citrus Park
0870,St. Charles Towne Center
0876,Shoppers World Brampton
0877,Niagara Pen Centre
0878,Smith Haven Mall
0880,Scottsdale Quarter
0881,Columbiana Centre
0882,Cherry Creek Shopping Center
0883,Erin Mills Town Centre
0887,Four Seasons Town Centre
0888,The Shoppes at Buckland Hills
0889,Poughkeepsie Galleria
0896,Santa Maria Town Center
0897,Sunrise Mall (CA)
0898,Concord Mills
0904,Los Cerritos Center
0906,Dover Mall
0909,Carolina Place
0910,La Plaza
0912,St. Vital Centre
0913,The Shops at Pickering City Centre
0919,Ala Moana Center
0932,Superstition Springs Center
0937,New Sudbury Centre
0943,The Centre at Salisbury
0945,The Mall at Green Hills
0946,Battlefield Mall
0955,Gurnee Mills
0956,Grand Teton Mall
0957,Cleveland Mall
0958,Providence Place
0959,Stonewood Center
0960,Kildonan Place
0962,The Woodlands Mall
0964,The Oaks Mall
0966,Ridgedale Center
0972,Dayton Mall
0975,Clackamas Town Center
0978,Intercity Shopping Centre
0980,The Falls
0981,Plaza Frontenac
0987,Genesee Valley Center
0988,The Westchester
0990,Conestoga Mall
0994,South Plains Mall
0997,Southdale Center
1004,Arrowhead Towne Center
1006,The Shops at Montebello
1008,The Mall at Stonecrest
1009,Del Amo Fashion Center
1012,Santa Rosa Plaza
1017,Galleria at Tyler
1018,Brea Mall
1019,Arden Fair
1020,Weberstown Mall
1023,Glendale Galleria
1024,Grant Park Shopping Centre
1027,Cedar Hills Crossing
1032,Southern Hills Mall
1033,Hawthorn
1036,Market Place Shopping Center
1038,Louis-Joliet
1039,Fox Valley
1062,Walt Whitman Shops
1069,Logan Valley Mall
1074,Woodland Hills Mall
1078,Manassas Mall
1079,Patrick Henry Mall
1080,Westfield Southcenter
1084,Mayfair Mall
1098,Greenwood Mall (KY)
1100,FlatIron Crossing
1103,Saint Louis Galleria
1105,Colony Square Mall
1110,Westfield Old Orchard
1111,Quail Springs Mall
1112,Park City Center
1114,The Empire Mall
1117,Midland Park Mall
1118,SouthPark
1119,Cielo Vista Mall
1126,Columbia Mall
1127,Fox River Mall
1128,Pritchard Park Mall
1134,The Lakes
1138,Colorado Mills
1143,Chandler Fashion Center
1144,Short Pump Town Center
1149,Northlake Mall
1155,Layton Hills Mall
1168,The Shops at La Cantera
1172,Auburn Mall (AL)
1178,Apache Mall
1179,Birchwood Mall
1180,Bellis Fair
1181,Boise Towne Square
1182,Brass Mill Center
1183,Chapel Hills Mall
1188,Grand Traverse Mall
1189,Jordan Creek Town Center
1190,Lakeland Square
1191,Mall of Louisiana
1196,Oakwood Mall
1197,Otay Ranch Town Center
1198,The Parks at Arlington
1199,Pembroke Lakes Mall
1201,River Hills Mall
1204,Spokane Valley Mall
1206,The Crossroads
1208,Tysons Galleria
1210,First Colony Mall
1211,Moreno Valley Mall
1213,Stonebriar Centre
1214,West Valley Mall
1225,Silver Lake Mall
1230,The Shops at Wiregrass
1232,McAllister Place
1233,Hillside Village
1237,Decatur Mall
1242,Bayshore Mall
1250,White Mountain
1255,Bay Park Square
1258,City Creek Center
1260,Victoria Gardens
1261,Galleria at Sunset
1262,Promenade Temecula
1263,South Bay Galleria
1264,Mount Berry Square
1265,The Mall at Whitney Field
1273,Heritage Mall
1275,Stone Road Mall
1276,The Shops at Ithaca Mall
1293,The Mall at University Town Center
1297,Northwest Arkansas Mall
1310,Mt. Shasta Mall
1314,Irvine Spectrum Center
1315,Peter Pond Mall
1316,The Mall of San Juan
1328,Galleria at Pittsburgh Mills
1329,Uptown Christiansburg
1333,The Mall at Partridge Creek
1335,Great Lakes Mall
1340,International Market Place
1342,Anchorage 5th Avenue Mall
1346,Blue Ridge Mall
1347,Boynton Beach Mall
1348,Bradley Square Mall
1350,Cape Cod Mall
1351,Castleton Square
1355,College Mall
1356,Columbia Center
1357,Cottonwood Mall (NM)
1360,Emerald Square
1362,The Fashion Mall at Keystone
1363,Firewheel Town Center
1364,The Florida Mall
1367,Station Mall
1372,Greenwood Park Mall
1373,Hamilton Town Center
1377,LaGrange Mall
1378,Lake City Mall
1380,Lima Mall
1383,The Mall at Rockingham Park
1385,Mall of Georgia
1388,Melbourne Square
1390,Miami International Mall
1392,Morgantown Mall
1393,New Bern Mall
1394,North Georgia Premium Outlets
1396,Northshore Mall
1398,Orland Square
1402,Pier Park
1404,Port Charlotte Town Center
1405,Prien Lake Mall
1408,River Oaks Center
1409,River Park Square
1410,Round Rock Premium Outlets
1413,The Shops at Riverside
1414,Sierra Vista Mall
1415,Solomon Pond Mall
1417,Square One Mall
1418,St. Johns Town Center
1419,Statesboro Mall
1420,Summit Mall
1421,Sumter Mall
1422,Tacoma Mall
1423,The Avenues
1424,The Domain
1425,The Shops at Chestnut Hill
1426,The Mall at Fairfield Commons
1427,The Mills at Jersey Gardens
1428,The Outlet Collection Seattle
1431,Towne East Square
1432,Treasure Coast Square
1433,University Mall (VT)
1436,White Oaks Mall
1437,Wolfchase Galleria
1439,The Shops at Kenilworth
1443,Arizona Mills
1445,Quintard Mall
1454,Arnot Mall
1456,Georgetown Marketplace
1472,The Albion Centre
1478,Jackson Crossing
1480,Biltmore Fashion Park
1484,Cross County Center
1485,Desert Sky Mall
1486,Eastridge Mall (WY)
1487,Fashion Outlets of Chicago
1488,Fashion Outlets of Niagara Falls
1489,Westfield Fashion Square
1491,Fresno Fashion Fair
1494,Kierland Commons
1499,Meadows Mall
1503,North Star Mall
1504,Oakbrook Center
1509,Pinnacle Hills Promenade
1511,Red Cliffs Mall
1513,SanTan Village Regional Center
1514,Scottsdale Fashion Square
1517,The Greene Town Center
1518,The Mall at Bay Plaza
1522,Demo Location
1524,The Streets at Southpoint
1526,University Mall (IL)
1531,Eastland Mall (IN)
1532,NorthPark Mall (IA)
1533,NorthTown Mall (WA)
1535,Valley Mall (VA)
1536,Florence Mall (KY)
1537,Liberty Center
1538,Garden City Shopping Centre
1547,American Dream
1553,Highstreet
1554,Perkins Rowe
1555,Milton Mall
1565,Tanger Cookstown
1567,Macy's Herald Square
1568,Macy's State Street
1570,Pacific City
1572,Timmins Square
1573,Alamo Quarry Market
1574,Medicine Hat Mall
1575,Orchard Park
1576,Park Place (AB)
1578,Sherwood Park
1579,St. Albert Centre
1583,Southlands
1597,Palladio
1600,Philadelphia Premium Outlets
1601,Charlotte Premium Outlets
1603,Grapevine Vintage RR - Santa's North Pole Express
1619,Village Green Shopping Centre
1620,Brickell City Centre
1622,Natick Mall - Traditional Santa Photos (Not Elevator Express)
1624,Bella Terra
1625,The Sono Collection
1626,Hamburg Pavilion
1627,Westbrook Mall
1628,Londonderry Mall
404201,Navy Pier
437201,USS Midway Jingle Jets
531301,VAQ - Character
541301,Phoenix Zoo
630301,San Antonio Zoo
650301,Ronald Reagan Presidential Library & Museum
681201,South Carolina Aquarium
688301,Audubon Aquarium
689201,Tower of the Americas
691101,Florida Aquarium
710301,Mystic Aquarium
730001,Nauticus' Winterfest on the Wisconsin
742201,Seattle Aquarium
742501,Skydeck Chicago
760101,JAZ - Character
